<?xml version="1.0"?>
<!--<!DOCTYPE metadata SYSTEM "http://www.esri.com/metadata/esriprof80.dtd">-->
<metadata xml:lang="de"><Esri><CreaDate>20080506</CreaDate><CreaTime>09241800</CreaTime><SyncOnce>FALSE</SyncOnce><SyncDate>20080528</SyncDate><SyncTime>10320200</SyncTime><ModDate>20080528</ModDate><ModTime>10320200</ModTime><MetaID>{6E3E4B1D-D962-4FE3-B132-34091F14480C}</MetaID></Esri><idinfo><native Sync="TRUE">Microsoft Windows 2000 Version 5.2 (Build 3790) Service Pack 2; ESRI ArcCatalog 9.2.2.1350</native><descript><langdata Sync="TRUE">de</langdata><abstract>REQUIRED: A brief narrative summary of the data set.</abstract><purpose>REQUIRED: A summary of the intentions with which the data set was developed.</purpose></descript><citation><citeinfo><origin>REQUIRED: The name of an organization or individual that developed the data set.</origin><pubdate>REQUIRED: The date when the data set is published or otherwise made available for release.</pubdate><title Sync="TRUE">Geometrie_Wahlkreise_17DBT_VG1000</title><ftname Sync="TRUE">Geometrie_Wahlkreise_17DBT_VG1000</ftname><geoform Sync="TRUE">vector digital data</geoform><onlink Sync="TRUE">\\SV-AGGIS-1\D\Wahlen\Bundestagswahl2009\Wahlkreiskartenplot\Ausgabedateien\shp\Geometrie_Wahlkreise_17DBT_VG1000.shp</onlink></citeinfo></citation><timeperd><current>REQUIRED: The basis on which the time period of content information is determined.</current><timeinfo><sngdate><caldate>REQUIRED: The year (and optionally month, or month and day) for which the data set corresponds to the ground.</caldate></sngdate></timeinfo></timeperd><status><progress>REQUIRED: The state of the data set.</progress><update>REQUIRED: The frequency with which changes and additions are made to the data set after the initial data set is completed.</update></status><spdom><bounding><westbc Sync="TRUE">5.482713</westbc><eastbc Sync="TRUE">15.481997</eastbc><northbc Sync="TRUE">55.068878</northbc><southbc Sync="TRUE">47.171690</southbc></bounding><lboundng><leftbc Sync="TRUE">-289319.406250</leftbc><rightbc Sync="TRUE">351315.718750</rightbc><bottombc Sync="TRUE">5960573.000000</bottombc><topbc Sync="TRUE">6827829.500000</topbc></lboundng></spdom><keywords><theme><themekt>REQUIRED: Reference to a formally registered thesaurus or a similar authoritative source of theme keywords.</themekt><themekey>REQUIRED: Common-use word or phrase used to describe the subject of the data set.</themekey></theme></keywords><accconst>REQUIRED: Restrictions and legal prerequisites for accessing the data set.</accconst><useconst>REQUIRED: Restrictions and legal prerequisites for using the data set after access is granted.</useconst><natvform Sync="TRUE">Shapefile</natvform></idinfo><dataIdInfo><envirDesc Sync="TRUE">Microsoft Windows 2000 Version 5.2 (Build 3790) Service Pack 2; ESRI ArcCatalog 9.2.2.1350</envirDesc><dataLang><languageCode Sync="TRUE" value="de"></languageCode></dataLang><idCitation><resTitle Sync="TRUE">Geometrie_Wahlkreise_17DBT_VG1000</resTitle><presForm><PresFormCd Sync="TRUE" value="005"></PresFormCd></presForm></idCitation><spatRpType><SpatRepTypCd Sync="TRUE" value="001"></SpatRepTypCd></spatRpType><dataExt><geoEle><GeoBndBox esriExtentType="native"><westBL Sync="TRUE">-289319.40625</westBL><eastBL Sync="TRUE">351315.71875</eastBL><northBL Sync="TRUE">6827829.5</northBL><southBL Sync="TRUE">5960573</southBL><exTypeCode Sync="TRUE">1</exTypeCode></GeoBndBox></geoEle></dataExt><geoBox esriExtentType="decdegrees"><westBL Sync="TRUE">5.482713</westBL><eastBL Sync="TRUE">15.481997</eastBL><northBL Sync="TRUE">55.068878</northBL><southBL Sync="TRUE">47.17169</southBL><exTypeCode Sync="TRUE">1</exTypeCode></geoBox></dataIdInfo><metainfo><langmeta Sync="TRUE">de</langmeta><metstdn Sync="TRUE">FGDC Content Standards for Digital Geospatial Metadata</metstdn><metstdv Sync="TRUE">FGDC-STD-001-1998</metstdv><mettc Sync="TRUE">local time</mettc><metc><cntinfo><cntorgp><cntper>REQUIRED: The person responsible for the metadata information.</cntper><cntorg>REQUIRED: The organization responsible for the metadata information.</cntorg></cntorgp><cntaddr><addrtype>REQUIRED: The mailing and/or physical address for the organization or individual.</addrtype><city>REQUIRED: The city of the address.</city><state>REQUIRED: The state or province of the address.</state><postal>REQUIRED: The ZIP or other postal code of the address.</postal></cntaddr><cntvoice>REQUIRED: The telephone number by which individuals can speak to the organization or individual.</cntvoice></cntinfo></metc><metd Sync="TRUE">20080528</metd><metextns><onlink Sync="TRUE">http://www.esri.com/metadata/esriprof80.html</onlink><metprof Sync="TRUE">ESRI Metadata Profile</metprof></metextns></metainfo><mdLang><languageCode Sync="TRUE" value="de"></languageCode></mdLang><mdStanName Sync="TRUE">ISO 19115 Geographic Information - Metadata</mdStanName><mdStanVer Sync="TRUE"># 11108</mdStanVer><mdChar><CharSetCd Sync="TRUE" value="# 11111"></CharSetCd></mdChar><mdHrLv><ScopeCd Sync="TRUE" value="# 11109"></ScopeCd></mdHrLv><mdHrLvName Sync="TRUE"># 11110</mdHrLvName><distinfo><resdesc Sync="TRUE">Downloadable Data</resdesc><stdorder><digform><digtinfo><transize Sync="TRUE">2,129</transize><dssize Sync="TRUE">2,129</dssize></digtinfo></digform></stdorder></distinfo><distInfo><distributor><distorTran><onLineSrc><orDesc Sync="TRUE">002</orDesc><linkage Sync="TRUE">file://\\SV-AGGIS-1\D\Wahlen\Bundestagswahl2009\Wahlkreiskartenplot\Ausgabedateien\shp\Geometrie_Wahlkreise_17DBT_VG1000.shp</linkage><protocol Sync="TRUE">Local Area Network</protocol></onLineSrc><transSize Sync="TRUE">2,129</transSize></distorTran><distorFormat><formatName Sync="TRUE">Shapefile</formatName></distorFormat></distributor></distInfo><spdoinfo><direct Sync="TRUE">Vector</direct><ptvctinf><esriterm Name="Geometrie_Wahlkreise_17DBT_VG1000"><efeatyp Sync="TRUE">Simple</efeatyp><efeageom Sync="TRUE">Polygon</efeageom><esritopo Sync="TRUE">FALSE</esritopo><efeacnt Sync="TRUE">384</efeacnt><spindex Sync="TRUE">FALSE</spindex><linrefer Sync="TRUE">FALSE</linrefer></esriterm><sdtsterm Name="Geometrie_Wahlkreise_17DBT_VG1000"><sdtstype Sync="TRUE">G-polygon</sdtstype><ptvctcnt Sync="TRUE">384</ptvctcnt></sdtsterm><esriterm Name="label"><efeatyp Sync="TRUE">Simple</efeatyp><efeageom Sync="TRUE">Label</efeageom><esritopo Sync="TRUE">FALSE</esritopo><efeacnt Sync="TRUE">14412</efeacnt><spindex Sync="TRUE">FALSE</spindex><linrefer Sync="TRUE">FALSE</linrefer></esriterm><sdtsterm Name="label"><sdtstype Sync="TRUE">Label point</sdtstype><ptvctcnt Sync="TRUE">14412</ptvctcnt></sdtsterm><esriterm Name="polygon"><efeatyp Sync="TRUE">Simple</efeatyp><efeageom Sync="TRUE">Polygon</efeageom><esritopo Sync="TRUE">TRUE</esritopo><efeacnt Sync="TRUE">14412</efeacnt><spindex Sync="TRUE">FALSE</spindex><linrefer Sync="TRUE">FALSE</linrefer></esriterm><sdtsterm Name="polygon"><sdtstype Sync="TRUE">GT-polygon composed of chains</sdtstype><ptvctcnt Sync="TRUE">14412</ptvctcnt></sdtsterm><esriterm Name="node"><efeatyp Sync="TRUE">Simple</efeatyp><efeageom Sync="TRUE">Node</efeageom><esritopo Sync="TRUE">TRUE</esritopo><efeacnt Sync="TRUE">28587</efeacnt><spindex Sync="TRUE">FALSE</spindex><linrefer Sync="TRUE">FALSE</linrefer></esriterm><sdtsterm Name="node"><sdtstype Sync="TRUE">Node, planar graph</sdtstype><ptvctcnt Sync="TRUE">28587</ptvctcnt></sdtsterm><esriterm Name="tic"><efeatyp Sync="TRUE">Simple</efeatyp><efeageom Sync="TRUE">Tic</efeageom><esritopo Sync="TRUE">FALSE</esritopo><efeacnt Sync="TRUE">8</efeacnt><spindex Sync="TRUE">FALSE</spindex><linrefer Sync="TRUE">FALSE</linrefer></esriterm><sdtsterm Name="tic"><sdtstype Sync="TRUE">Point</sdtstype><ptvctcnt Sync="TRUE">8</ptvctcnt></sdtsterm></ptvctinf></spdoinfo><spref><horizsys><cordsysn><geogcsn Sync="TRUE">GCS_Bessel_1841</geogcsn><projcsn Sync="TRUE">Bessel_1841_Lambert_Conformal_Conic</projcsn></cordsysn><planar><planci><plance Sync="TRUE">coordinate pair</plance><plandu Sync="TRUE">meters</plandu><coordrep><absres Sync="TRUE">0.000000</absres><ordres Sync="TRUE">0.000000</ordres></coordrep></planci><mapproj><mapprojn Sync="TRUE">Lambert Conformal Conic</mapprojn><lambertc><stdparll Sync="TRUE">48.666667</stdparll><stdparll Sync="TRUE">53.666667</stdparll><longcm Sync="TRUE">10.000000</longcm><latprjo Sync="TRUE">0.000000</latprjo><feast Sync="TRUE">0.000000</feast><fnorth Sync="TRUE">0.000000</fnorth></lambertc></mapproj></planar><geodetic><horizdn Sync="TRUE">D_Bessel_1841</horizdn><ellips Sync="TRUE">Bessel_1841</ellips><semiaxis Sync="TRUE">6377397.155000</semiaxis><denflat Sync="TRUE">299.152813</denflat></geodetic></horizsys></spref><refSysInfo><RefSystem><refSysID><identCode Sync="TRUE">Bessel_1841_Lambert_Conformal_Conic</identCode></refSysID></RefSystem></refSysInfo><spatRepInfo><VectSpatRep><topLvl><TopoLevCd Sync="TRUE" value="001"></TopoLevCd></topLvl><geometObjs Name="Geometrie_Wahlkreise_17DBT_VG1000"><geoObjTyp><GeoObjTypCd Sync="TRUE" value="001"></GeoObjTypCd></geoObjTyp><geoObjCnt Sync="TRUE">384</geoObjCnt></geometObjs></VectSpatRep></spatRepInfo><eainfo><detailed Name="Geometrie_Wahlkreise_17DBT_VG1000"><enttyp><enttypl Sync="TRUE">Geometrie_Wahlkreise_17DBT_VG1000</enttypl><enttypt Sync="TRUE">Feature Class</enttypt><enttypc Sync="TRUE">384</enttypc></enttyp><attr><attrlabl Sync="TRUE">FID</attrlabl><attalias Sync="TRUE">FID</attalias><attrtype Sync="TRUE">OID</attrtype><attwidth Sync="TRUE">4</attwidth><atprecis Sync="TRUE">0</atprecis><attscale Sync="TRUE">0</attscale><attrdef Sync="TRUE">Internal feature number.</attrdef><attrdefs Sync="TRUE">ESRI</attrdefs><attrdomv><udom Sync="TRUE">Sequential unique whole numbers that are automatically generated.</udom></attrdomv></attr><attr><attrlabl Sync="TRUE">Shape</attrlabl><attalias Sync="TRUE">Shape</attalias><attrtype Sync="TRUE">Geometry</attrtype><attwidth Sync="TRUE">0</attwidth><atprecis Sync="TRUE">0</atprecis><attscale Sync="TRUE">0</attscale><attrdef Sync="TRUE">Feature geometry.</attrdef><attrdefs Sync="TRUE">ESRI</attrdefs><attrdomv><udom Sync="TRUE">Coordinates defining the features.</udom></attrdomv></attr><attr><attrlabl Sync="TRUE">AREA</attrlabl><attwidth Sync="TRUE">13</attwidth><atoutwid Sync="TRUE">12</atoutwid><attrtype Sync="TRUE">Float</attrtype><atnumdec Sync="TRUE">11</atnumdec><attrdef Sync="TRUE">Area of feature in internal units squared.</attrdef><attrdefs Sync="TRUE">ESRI</attrdefs><attrdomv><udom Sync="TRUE">Positive real numbers that are automatically generated.</udom></attrdomv></attr><attr><attrlabl Sync="TRUE">PERIMETER</attrlabl><attwidth Sync="TRUE">13</attwidth><atoutwid Sync="TRUE">12</atoutwid><attrtype Sync="TRUE">Float</attrtype><atnumdec Sync="TRUE">11</atnumdec><attrdef Sync="TRUE">Perimeter of feature in internal units.</attrdef><attrdefs Sync="TRUE">ESRI</attrdefs><attrdomv><udom Sync="TRUE">Positive real numbers that are automatically generated.</udom></attrdomv></attr><attr><attrlabl Sync="TRUE">LAND_NR</attrlabl><attalias Sync="TRUE">LAND_NR</attalias><attrtype Sync="TRUE">Number</attrtype><attwidth Sync="TRUE">2</attwidth></attr><attr><attrlabl Sync="TRUE">LAND_NAME</attrlabl><attalias Sync="TRUE">LAND_NAME</attalias><attrtype Sync="TRUE">String</attrtype><attwidth Sync="TRUE">25</attwidth></attr><attr><attrlabl Sync="TRUE">WKR_NR</attrlabl><attalias Sync="TRUE">WKR_NR</attalias><attrtype Sync="TRUE">Number</attrtype><attwidth Sync="TRUE">3</attwidth></attr><attr><attrlabl Sync="TRUE">WKR_NAME</attrlabl><attalias Sync="TRUE">WKR_NAME</attalias><attrtype Sync="TRUE">String</attrtype><attwidth Sync="TRUE">90</attwidth></attr><attr><attrlabl Sync="TRUE">FLAG</attrlabl><attalias Sync="TRUE">FLAG</attalias><attrtype Sync="TRUE">Number</attrtype><attwidth Sync="TRUE">1</attwidth></attr></detailed><detailed Name="basis1.nat"><enttyp><enttypl Sync="TRUE">basis1.nat</enttypl><enttypt Sync="TRUE">Feature Class</enttypt><enttypc Sync="TRUE">28587</enttypc></enttyp><attr><attrlabl Sync="TRUE">FID</attrlabl><attalias Sync="TRUE">FID</attalias><attrtype Sync="TRUE">OID</attrtype><attwidth Sync="TRUE">4</attwidth><atprecis Sync="TRUE">0</atprecis><attscale Sync="TRUE">0</attscale><attrdef Sync="TRUE">Internal feature number.</attrdef><attrdefs Sync="TRUE">ESRI</attrdefs><attrdomv><udom Sync="TRUE">Sequential unique whole numbers that are automatically generated.</udom></attrdomv></attr><attr><attrlabl Sync="TRUE">Shape</attrlabl><attalias Sync="TRUE">Shape</attalias><attrtype Sync="TRUE">Geometry</attrtype><attwidth Sync="TRUE">0</attwidth><atprecis Sync="TRUE">0</atprecis><attscale Sync="TRUE">0</attscale><attrdef Sync="TRUE">Feature geometry.</attrdef><attrdefs Sync="TRUE">ESRI</attrdefs><attrdomv><udom Sync="TRUE">Coordinates defining the features.</udom></attrdomv></attr><attr><attrlabl Sync="TRUE">ARC#</attrlabl><attwidth Sync="TRUE">13</attwidth><atoutwid Sync="TRUE">5</atoutwid><attrtype Sync="TRUE">Float</attrtype></attr><attr><attrlabl Sync="TRUE">BASIS1#</attrlabl><attwidth Sync="TRUE">13</attwidth><atoutwid Sync="TRUE">5</atoutwid><attrtype Sync="TRUE">Float</attrtype><attrdef Sync="TRUE">Internal feature number.</attrdef><attrdefs Sync="TRUE">ESRI</attrdefs><attrdomv><udom Sync="TRUE">Sequential unique whole numbers that are automatically generated.</udom></attrdomv></attr><attr><attrlabl Sync="TRUE">BASIS1-ID</attrlabl><attwidth Sync="TRUE">2</attwidth><atoutwid Sync="TRUE">5</atoutwid><attrtype Sync="TRUE">Number</attrtype><attrdef Sync="TRUE">User-defined feature number.</attrdef><attrdefs Sync="TRUE">ESRI</attrdefs></attr></detailed></eainfo><mdDateSt Sync="TRUE">20080528</mdDateSt><dataqual><lineage><procstep><procdesc Sync="TRUE">Dataset kopiert.</procdesc><srcused Sync="TRUE"></srcused><date Sync="TRUE">20080506</date><time Sync="TRUE">09241800</time></procstep></lineage></dataqual></metadata>
